,Column 1,Column 2,Column 3,Column 4,Column 5
Column 1,1,,,,
Column 2,0.389554529,1,,,
Column 3,-0.891445815,-0.306681007,1,,
Column 4,-0.943537366,-0.36173663,0.828088084,1,
Column 5,0.962142594,0.370991268,-0.837147369,-0.931869456,1
